{
  "2D": 32953.9320039749,
  "3D": 20.2380001544953,
  "AFK": 1010.00200009346,
  "Editor": 74223.7430002693,
  "Game": 19859.1759960654,
  "Script": 21390.3970000745
}