{
  "2D": 11338.5069999695,
  "3D": 11.688000202179,
  "AFK": 1010.00200009346,
  "Editor": 32760.8849978447,
  "Game": 7645.57899808884,
  "Script": 13765.1109995842
}