{
  "2D": 12749.1239998341,
  "3D": 11.688000202179,
  "AFK": 1010.00200009346,
  "Editor": 36468.0329976082,
  "Game": 8503.21199798584,
  "Script": 15204.0089995861
}