{
  "2D": 500.060999393464,
  "3D": 3.97500014305115,
  "Editor": 1354.84999966621,
  "Game": 294.022000074387,
  "Script": 556.792000055313
}