{
  "2D": 52770.1050004959,
  "3D": 30.0130002498628,
  "AFK": 1010.00200009346,
  "Editor": 114173.365996599,
  "Game": 28494.8329966069,
  "Script": 32878.4149992468
}