{
  "2D": 71837.8760008813,
  "3D": 45.0079998970034,
  "AFK": 2074.00100016594,
  "Editor": 168512.984993696,
  "Game": 41060.9299962518,
  "Script": 55569.1709966662
}