{
  "2D": 56336.7360005379,
  "3D": 33.619000196457,
  "AFK": 2064.00200009346,
  "Editor": 123166.901995421,
  "Game": 31019.6329956056,
  "Script": 35776.9139990808
}