{
  "2D": 14281.3970003128,
  "3D": 13.7030003070832,
  "AFK": 1010.00200009346,
  "Editor": 40019.6309978963,
  "Game": 9772.88699746132,
  "Script": 15951.6439998151
}