{
  "2D": 42465.8240022659,
  "3D": 27.3550002574922,
  "AFK": 1010.00200009346,
  "Editor": 93615.6979975704,
  "Game": 24321.225995064,
  "Script": 26801.292999983
}