{
  "2D": 19755.9750008583,
  "3D": 13.7030003070832,
  "AFK": 1010.00200009346,
  "Editor": 47675.535997391,
  "Game": 11186.1039967539,
  "Script": 16719.7539994718
}