{
  "2D": 42855.1620020866,
  "3D": 27.3550002574922,
  "AFK": 1010.00200009346,
  "Editor": 94495.7739973072,
  "Game": 24811.9639949801,
  "Script": 26801.292999983
}