{
  "2D": 1909.95800065994,
  "3D": 7.3970000743866,
  "Editor": 5771.09799933434,
  "Game": 1757.37699842453,
  "Script": 2096.36600017548
}