{
  "2D": 63012.6189999581,
  "3D": 35.9260001182557,
  "AFK": 2064.00200009346,
  "Editor": 142615.468994618,
  "Game": 35067.7889955042,
  "Script": 44499.134999037
}