{
  "2D": 33142.7340042591,
  "3D": 20.2380001544953,
  "AFK": 1010.00200009346,
  "Editor": 74558.2400002483,
  "Game": 20004.8709957602,
  "Script": 21390.3970000745
}