{
  "2D": 78345.9480001926,
  "3D": 55.8549997806551,
  "AFK": 2078.0030002594,
  "Editor": 207400.845996857,
  "Game": 47479.3849971292,
  "Script": 81520.0679996016
}