{
  "2D": 76083.1710016728,
  "3D": 51.9469997882845,
  "AFK": 2078.0030002594,
  "Editor": 197046.188996315,
  "Game": 45704.5319955347,
  "Script": 75206.5389993194
}