{
  "2D": 64842.5690002442,
  "3D": 35.9260001182557,
  "AFK": 2064.00200009346,
  "Editor": 150250.800993919,
  "Game": 36964.2289955614,
  "Script": 48408.0769979956
}