{
  "2D": 2269.79800081253,
  "3D": 7.3970000743866,
  "Editor": 6542.80599951744,
  "Game": 1972.65699839592,
  "Script": 2292.95400023461
}