{
  "2D": 62071.759000063,
  "3D": 34.7050001621247,
  "AFK": 2064.00200009346,
  "Editor": 139537.082995176,
  "Game": 34593.2979962824,
  "Script": 42837.3209986689
}