{
  "2D": 45302.7720019817,
  "3D": 27.3550002574922,
  "AFK": 1010.00200009346,
  "Editor": 100927.626996994,
  "Game": 26043.0099956991,
  "Script": 29554.489999056
}